motif_id	motif_alt_id	sequence_name	start	stop	strand	score	p-value	q-value	matched_sequence
UCUUCCUUGC	MEME-2	diffBUM_HMM_ex_vivo_319	3	12	+	18.0104	1.27e-06	0.000807	TCTTCCTTGC
UCUUCCUUGC	MEME-2	diffBUM_HMM_ex_vivo_316	3	12	+	18.0104	1.27e-06	0.000807	TCTTCCTTGC
UCUUCCUUGC	MEME-2	diffBUM_HMM_ex_vivo_305	3	12	+	18.0104	1.27e-06	0.000807	TCTTCCTTGC
UCUUCCUUGC	MEME-2	diffBUM_HMM_ex_vivo_322	3	12	+	18.0104	1.27e-06	0.000807	TCTTCCTTGC
UCUUCCUUGC	MEME-2	diffBUM_HMM_ex_vivo_309	4	13	+	18.0104	1.27e-06	0.000807	TCTTCCTTGC
UCUUCCUUGC	MEME-2	diffBUM_HMM_ex_vivo_303	4	13	+	18.0104	1.27e-06	0.000807	TCTTCCTTGC
UCUUCCUUGC	MEME-2	diffBUM_HMM_ex_vivo_313	4	13	+	18.0104	1.27e-06	0.000807	TCTTCCTTGC
UCUUCCUUGC	MEME-2	diffBUM_HMM_ex_vivo_329	5	14	+	18.0104	1.27e-06	0.000807	TCTTCCTTGC
UCUUCCUUGC	MEME-2	diffBUM_HMM_ex_vivo_330	5	14	+	18.0104	1.27e-06	0.000807	TCTTCCTTGC
UCUUCCUUGC	MEME-2	diffBUM_HMM_ex_vivo_332	5	14	+	18.0104	1.27e-06	0.000807	TCTTCCTTGC
UCUUCCUUGC	MEME-2	diffBUM_HMM_ex_vivo_312	14	23	+	18.0104	1.27e-06	0.000807	TCTTCCTTGC
UCUUCCUUGC	MEME-2	diffBUM_HMM_ex_vivo_304	19	28	+	18.0104	1.27e-06	0.000807	TCTTCCTTGC
UCUUCCUUGC	MEME-2	diffBUM_HMM_ex_vivo_311	19	28	+	18.0104	1.27e-06	0.000807	TCTTCCTTGC
UCUUCCUUGC	MEME-2	diffBUM_HMM_ex_vivo_302	19	28	+	18.0104	1.27e-06	0.000807	TCTTCCTTGC
UCUUCCUUGC	MEME-2	diffBUM_HMM_ex_vivo_308	19	28	+	18.0104	1.27e-06	0.000807	TCTTCCTTGC
UCUUCCUUGC	MEME-2	diffBUM_HMM_ex_vivo_331	19	28	+	18.0104	1.27e-06	0.000807	TCTTCCTTGC
UCUUCCUUGC	MEME-2	diffBUM_HMM_ex_vivo_315	20	29	+	18.0104	1.27e-06	0.000807	TCTTCCTTGC
UCUUCCUUGC	MEME-2	diffBUM_HMM_ex_vivo_301	20	29	+	18.0104	1.27e-06	0.000807	TCTTCCTTGC
UCUUCCUUGC	MEME-2	diffBUM_HMM_ex_vivo_328	20	29	+	18.0104	1.27e-06	0.000807	TCTTCCTTGC
UCUUCCUUGC	MEME-2	diffBUM_HMM_ex_vivo_321	20	29	+	18.0104	1.27e-06	0.000807	TCTTCCTTGC
UCUUCCUUGC	MEME-2	diffBUM_HMM_ex_vivo_318	4	13	+	15.1354	6.98e-06	0.00404	TCTTTCTTGC
UCUUCCUUGC	MEME-2	diffBUM_HMM_ex_vivo_317	13	22	+	15.1354	6.98e-06	0.00404	TCTTTCTTGC
UCUUCCUUGC	MEME-2	diffBUM_HMM_ex_vivo_560	2	11	+	14.8438	8.71e-06	0.00483	CCTTCCTTTC
UCUUCCUUGC	MEME-2	diffBUM_HMM_ex_vivo_344	6	15	+	13.9479	1.2e-05	0.00636	TCCTCCTTTC
UCUUCCUUGC	MEME-2	diffBUM_HMM_ex_vivo_382	22	31	+	13.3229	1.25e-05	0.00636	CCTTCCCTGC
UCUUCCUUGC	MEME-2	diffBUM_HMM_ex_vivo_325	5	14	+	13.2292	1.42e-05	0.00669	TCTTCATTGC
UCUUCCUUGC	MEME-2	diffBUM_HMM_ex_vivo_324	19	28	+	13.2292	1.42e-05	0.00669	TCTTCATTGC
UCUUCCUUGC	MEME-2	diffBUM_HMM_ex_vivo_317	9	18	+	13.0104	1.89e-05	0.0083	TCTTTCTTTC
UCUUCCUUGC	MEME-2	diffBUM_HMM_ex_vivo_316	22	31	+	13.0104	1.89e-05	0.0083	TCTTTCTTTC
UCUUCCUUGC	MEME-2	diffBUM_HMM_ex_vivo_333	4	13	+	12.9375	2.1e-05	0.0084	TCTTCCTTGT
UCUUCCUUGC	MEME-2	diffBUM_HMM_ex_vivo_334	10	19	+	12.9375	2.1e-05	0.0084	TCTTCCTTGT
UCUUCCUUGC	MEME-2	diffBUM_HMM_ex_vivo_189	5	14	+	12.9062	2.17e-05	0.0084	CCCTCCTTTC
UCUUCCUUGC	MEME-2	diffBUM_HMM_ex_vivo_188	19	28	+	12.9062	2.17e-05	0.0084	CCCTCCTTTC
UCUUCCUUGC	MEME-2	diffBUM_HMM_ex_vivo_4	7	16	+	11.9688	2.74e-05	0.0103	CCTTTCTTTC

# FIMO (Find Individual Motif Occurrences): Version 5.1.0 compiled on May 30 2020 at 12:27:23
# The format of this file is described at http://meme-suite.org//doc/fimo-output-format.html.
# fimo --parse-genomic-coord --verbosity 1 --oc MEME_V2diffBUM_HMM_ex_vivo_30_mers/fimo_out_2 --bgfile MEME_V2diffBUM_HMM_ex_vivo_30_mers/background --motif UCUUCCUUGC MEME_V2diffBUM_HMM_ex_vivo_30_mers/meme_out/meme.xml MEME_V2diffBUM_HMM_ex_vivo_30_mers/diffBUM_HMM_ex_vivo_30_mers.fa
